{"accuracy": [0.649258553981781, 0.8204384446144104, 0.8778207898139954, 0.896518349647522, 0.9087685346603394, 0.9200515747070312, 0.9168278574943542, 0.9264990091323853, 0.9377820491790771, 0.9342359900474548, 0.9480980038642883, 0.9439071416854858, 0.945841372013092, 0.9490651488304138, 0.95099937915802, 0.9545454382896423, 0.9561573266983032, 0.9635719060897827, 0.9558349251747131, 0.9597034454345703, 0.9626047611236572, 0.9609929323196411, 0.9661508798599243], "loss": [0.9340576529502869, 0.4684164822101593, 0.33861908316612244, 0.28245577216148376, 0.24864578247070312, 0.22183430194854736, 0.23154744505882263, 0.19239959120750427, 0.16867846250534058, 0.17367641627788544, 0.15037111937999725, 0.1508750468492508, 0.13842207193374634, 0.14366979897022247, 0.13053260743618011, 0.12957142293453217, 0.11306843161582947, 0.11023060232400894, 0.12214560061693192, 0.10992155969142914, 0.09809412062168121, 0.10472775250673294, 0.09984663128852844], "val_accuracy": [0.7341935634613037, 0.7935484051704407, 0.8232257962226868, 0.8245161175727844, 0.8425806164741516, 0.8683871030807495, 0.8451613187789917, 0.8541935682296753, 0.8645161390304565, 0.8632258176803589, 0.8490322828292847, 0.8812903165817261, 0.885161280632019, 0.8761290311813354, 0.8787096738815308, 0.8774193525314331, 0.8658064603805542, 0.8670967817306519, 0.8877419233322144, 0.889032244682312, 0.8812903165817261, 0.8825806379318237, 0.8954838514328003], "val_loss": [0.7416097521781921, 0.5296461582183838, 0.4491700530052185, 0.44672736525535583, 0.41174057126045227, 0.37887030839920044, 0.42984139919281006, 0.3879069685935974, 0.3648645877838135, 0.38974228501319885, 0.3781103193759918, 0.3299083113670349, 0.336738646030426, 0.3332062065601349, 0.32065674662590027, 0.3187749683856964, 0.35581862926483154, 0.37237876653671265, 0.30493244528770447, 0.2718020975589752, 0.31440865993499756, 0.29964157938957214, 0.2756316661834717]}